City_ID,City,Lat,Lng,Max Temp,Humidity,Cloudiness,Wind Speed,Country,Date
0,Bardiyah,31.7561,25.0865,81.12,51,2,14.74,LY,2022-09-29 05:04:14
1,Liverpool,53.4106,-2.9779,51.75,90,82,11.5,GB,2022-09-29 05:00:21
2,Punta Arenas,-53.15,-70.9167,44.71,76,40,18.41,CL,2022-09-29 04:55:48
3,Bluff,-46.6,168.3333,45.95,66,96,16.98,NZ,2022-09-29 04:57:40
4,Clyde River,70.4692,-68.5914,22.69,77,31,6.04,CA,2022-09-29 05:04:15
5,Rikitea,-23.1203,-134.9692,73.0,62,51,15.01,PF,2022-09-29 04:55:43
6,Butaritari,3.0707,172.7902,81.86,76,47,11.14,KI,2022-09-29 05:04:16
7,Bonavista,48.6499,-53.1147,58.28,98,100,8.95,CA,2022-09-29 05:04:16
8,Mnogovershinnyy,53.9353,139.9242,40.23,52,8,19.48,RU,2022-09-29 05:04:17
9,Padang,-0.9492,100.3543,82.45,73,100,7.02,ID,2022-09-29 05:00:29
10,Qaanaaq,77.484,-69.3632,23.31,94,100,8.9,GL,2022-09-29 04:55:47
11,Victoria,22.2855,114.1577,91.18,87,100,11.01,HK,2022-09-29 05:03:00
12,Leningradskiy,69.3833,178.4167,21.2,81,26,3.38,RU,2022-09-29 05:04:17
13,Zhuhai,22.2769,113.5678,82.11,83,40,13.8,CN,2022-09-29 05:04:18
14,San Luis Rio Colorado,32.4631,-114.7767,88.9,54,2,8.99,MX,2022-09-29 05:04:18
15,Avarua,-21.2078,-159.775,77.05,88,75,14.97,CK,2022-09-29 05:04:18
16,Upernavik,72.7868,-56.1549,29.01,84,98,10.67,GL,2022-09-29 05:04:19
17,Yellowknife,62.456,-114.3525,33.57,80,16,5.01,CA,2022-09-29 05:03:41
18,Mataura,-46.1927,168.8643,41.68,98,100,5.86,NZ,2022-09-29 05:03:46
19,Cairns,-16.9167,145.7667,87.12,48,100,11.5,AU,2022-09-29 05:04:19
20,Ushuaia,-54.8,-68.3,38.68,92,99,6.31,AR,2022-09-29 04:53:58
21,Bairiki,1.3292,172.9752,84.2,84,20,9.22,KI,2022-09-29 05:04:20
22,Hilo,19.7297,-155.09,80.28,83,40,4.61,US,2022-09-29 05:04:20
23,Busselton,-33.65,115.3333,74.23,45,0,6.96,AU,2022-09-29 05:04:21
24,Khatanga,71.9667,102.5,30.65,97,100,11.54,RU,2022-09-29 04:57:43
25,Lagoa,39.05,-27.9833,67.42,63,8,10.63,PT,2022-09-29 05:04:21
26,Nikolskoye,59.7035,30.7861,42.69,96,100,5.84,RU,2022-09-29 05:04:21
27,Hithadhoo,-0.6,73.0833,81.32,74,51,8.28,MV,2022-09-29 05:04:22
28,Georgetown,5.4112,100.3354,89.53,66,20,6.91,MY,2022-09-29 05:04:22
29,Alghero,40.5589,8.3181,60.89,94,20,4.61,IT,2022-09-29 05:03:09
30,La Ronge,55.1001,-105.2842,57.07,63,1,3.22,CA,2022-09-29 05:04:22
31,Bougouni,11.417,-7.479,71.13,95,65,3.36,ML,2022-09-29 05:04:23
32,Kavaratti,10.5669,72.642,81.41,73,77,11.95,IN,2022-09-29 04:55:47
33,Nanortalik,60.1432,-45.2371,41.29,96,100,5.93,GL,2022-09-29 05:04:23
34,Port Macquarie,-31.4333,152.9167,71.89,71,32,16.37,AU,2022-09-29 05:04:24
35,Margate,51.3813,1.3862,53.51,65,97,6.4,GB,2022-09-29 05:04:24
36,Korla,41.7597,86.1469,74.41,25,30,16.67,CN,2022-09-29 05:00:29
37,Teseney,15.11,36.6575,80.96,61,30,8.79,ER,2022-09-29 05:04:24
38,Georgiyevka,43.0369,74.7114,53.64,47,40,6.71,KZ,2022-09-29 05:04:25
39,Hobart,-42.8794,147.3294,54.05,69,75,10.36,AU,2022-09-29 04:57:40
40,Cape Town,-33.9258,18.4232,60.91,78,0,5.01,ZA,2022-09-29 04:53:31
41,Morro Bay,35.3658,-120.8499,74.41,26,25,4.74,US,2022-09-29 05:04:26
42,Luderitz,-26.6481,15.1594,56.32,74,2,9.24,NA,2022-09-29 05:04:27
43,Port Alfred,-33.5906,26.891,60.19,94,97,7.25,ZA,2022-09-29 05:04:27
44,Shahrud,36.4182,54.9763,79.97,14,0,6.4,IR,2022-09-29 05:04:27
45,Hermanus,-34.4187,19.2345,54.81,79,100,9.64,ZA,2022-09-29 04:57:39
46,Tanout,14.9709,8.8879,81.27,56,65,11.23,NE,2022-09-29 05:04:28
47,Esperance,-33.8667,121.9,67.68,57,5,15.17,AU,2022-09-29 05:05:28
48,Bafq,31.6128,55.4107,83.3,11,0,3.06,IR,2022-09-29 05:05:29
49,Les Cayes,18.2,-73.75,78.01,85,36,3.15,HT,2022-09-29 05:05:29
50,Ancud,-41.8697,-73.8203,44.53,91,10,2.04,CL,2022-09-29 05:05:29
51,Tiarei,-17.5333,-149.3333,78.82,73,3,13.22,PF,2022-09-29 05:05:30
52,Port-Cartier,50.0334,-66.8654,48.74,84,49,12.19,CA,2022-09-29 05:05:30
53,Tiksi,71.6872,128.8694,24.62,88,100,4.29,RU,2022-09-29 05:05:30
54,Clacton-On-Sea,51.7897,1.156,43.02,91,85,5.32,GB,2022-09-29 05:05:31
55,Sabha,27.0377,14.4283,78.78,18,4,2.77,LY,2022-09-29 05:05:31
56,Vaini,-21.2,-175.2,77.16,73,20,5.75,TO,2022-09-29 05:05:31
57,Barrow,71.2906,-156.7887,30.22,86,100,19.57,US,2022-09-29 05:05:32
58,Cockburn Town,21.4612,-71.1419,82.51,74,26,16.75,TC,2022-09-29 04:55:51
59,Mar Del Plata,-38.0023,-57.5575,47.95,64,0,6.91,AR,2022-09-29 04:57:44
60,Flinders,-34.5833,150.8552,60.19,90,78,8.01,AU,2022-09-29 05:05:33
61,Castro,-24.7911,-50.0119,50.05,97,100,9.31,BR,2022-09-29 05:05:33
62,Olinda,-8.0089,-34.8553,78.53,69,40,8.05,BR,2022-09-29 05:05:33
63,Saint-Augustin,51.226,-58.6502,47.21,79,76,10.49,CA,2022-09-29 05:05:34
64,Pevek,69.7008,170.3133,28.87,68,72,7.4,RU,2022-09-29 05:05:34
65,Lensk,60.7253,114.9278,37.06,51,100,5.79,RU,2022-09-29 05:01:07
66,Isangel,-19.55,169.2667,78.73,61,100,10.67,VU,2022-09-29 05:05:34
67,East London,-33.0153,27.9116,64.78,83,94,8.93,ZA,2022-09-29 05:05:35
68,Bredasdorp,-34.5322,20.0403,55.11,86,100,1.7,ZA,2022-09-29 05:05:35
69,Jamestown,42.097,-79.2353,53.19,75,100,3.0,US,2022-09-29 05:05:35
70,Albany,42.6001,-73.9662,52.45,86,10,6.44,US,2022-09-29 04:55:13
71,Dikson,73.5069,80.5464,34.86,86,93,16.73,RU,2022-09-29 05:05:36
72,Dawlatabad,36.4141,64.9053,80.47,20,0,5.86,AF,2022-09-29 05:05:36
73,Tashtyp,52.7939,89.8983,37.54,97,100,4.59,RU,2022-09-29 05:05:36
74,San Patricio,28.017,-97.5169,75.06,52,3,5.06,US,2022-09-29 05:05:37
75,Pacific Grove,36.6177,-121.9166,65.01,88,0,5.99,US,2022-09-29 05:05:37
76,Provideniya,64.3833,-173.3,41.36,87,100,15.99,RU,2022-09-29 05:05:38
77,Thompson,55.7435,-97.8558,49.64,75,17,6.04,CA,2022-09-29 05:00:39
78,Atar,20.5169,-13.0499,93.38,24,61,18.88,MR,2022-09-29 05:05:39
79,Sitka,57.0531,-135.33,53.49,100,100,0.0,US,2022-09-29 05:05:39
80,Chara,56.9064,118.2631,33.37,92,100,3.44,RU,2022-09-29 05:05:40
81,Pemangkat,1.1667,108.9667,85.46,64,97,3.76,ID,2022-09-29 05:05:40
82,Winslow,35.0242,-110.6974,68.18,42,75,5.75,US,2022-09-29 05:05:41
83,Vallenar,-28.5708,-70.7581,57.0,60,0,1.54,CL,2022-09-29 05:02:03
84,Ponta Do Sol,32.6667,-17.1,69.71,86,67,6.22,PT,2022-09-29 04:57:41
85,Tasiilaq,65.6145,-37.6368,35.76,95,99,5.64,GL,2022-09-29 05:03:12
86,Kruisfontein,-34.0033,24.7314,57.81,86,88,1.81,ZA,2022-09-29 05:05:41
87,Poum,-20.2333,164.0167,77.77,79,100,18.37,NC,2022-09-29 05:05:42
88,Chitungwiza,-18.0127,31.0756,59.45,53,0,6.69,ZW,2022-09-29 05:05:42
89,Ola,59.5833,151.2833,36.88,98,100,7.4,RU,2022-09-29 05:05:42
90,Severo-Kurilsk,50.6789,156.125,51.76,94,100,11.21,RU,2022-09-29 05:05:43
91,Bambous Virieux,-20.3428,57.7575,74.21,60,20,9.22,MU,2022-09-29 05:05:43
92,Alta Floresta,-9.8756,-56.0861,75.45,51,86,1.39,BR,2022-09-29 05:05:43
93,Carnarvon,-24.8667,113.6333,78.15,42,32,31.85,AU,2022-09-29 05:06:44
94,Meybod,32.2501,54.0166,78.82,10,0,2.82,IR,2022-09-29 05:06:44
95,Marquette,46.5333,-87.6335,36.36,94,18,5.44,US,2022-09-29 05:06:44
96,Arraial Do Cabo,-22.9661,-42.0278,68.72,93,100,16.51,BR,2022-09-29 05:06:44
97,Cidreira,-30.1811,-50.2056,60.04,64,76,10.83,BR,2022-09-29 05:06:45
98,Recreio,-21.525,-42.4692,68.49,94,100,1.95,BR,2022-09-29 05:06:45
99,Jacobina,-11.1806,-40.5183,64.98,89,3,3.74,BR,2022-09-29 05:06:46
100,Puerto Ayora,-0.7393,-90.3518,64.54,96,39,3.0,EC,2022-09-29 05:06:46
101,Nemuro,43.3236,145.575,65.17,78,1,16.75,JP,2022-09-29 05:06:47
102,Touros,-5.1989,-35.4608,75.63,72,6,12.66,BR,2022-09-29 05:06:47
103,Juneau,58.3019,-134.4197,53.1,97,100,0.0,US,2022-09-29 05:06:48
104,Sao Filipe,14.8961,-24.4956,80.24,83,5,3.91,CV,2022-09-29 05:06:48
105,Ribeira Grande,38.5167,-28.7,69.01,70,32,8.41,PT,2022-09-29 05:06:49
106,Vao,-22.6667,167.4833,74.59,77,100,13.73,NC,2022-09-29 05:06:50
107,Aklavik,68.2191,-135.0107,31.24,91,100,9.64,CA,2022-09-29 05:06:50
108,Metro,-5.1131,105.3067,90.21,48,96,5.06,ID,2022-09-29 05:06:51
109,Kavieng,-2.5744,150.7967,84.42,69,88,13.24,PG,2022-09-29 05:06:51
110,Stromness,58.965,-3.296,51.76,91,98,4.0,GB,2022-09-29 05:05:18
111,Creel,27.75,-107.6333,53.19,88,87,4.21,MX,2022-09-29 05:06:52
112,Senanga,-16.1167,23.2667,70.99,35,6,8.46,ZM,2022-09-29 05:02:15
113,Saskylakh,71.9167,114.0833,28.31,95,100,11.43,RU,2022-09-29 05:06:52
114,Bangassou,4.7413,22.8184,67.01,99,100,1.95,CF,2022-09-29 05:06:53
115,Puerto Suarez,-18.95,-57.8,68.29,95,100,5.26,BO,2022-09-29 05:06:53
116,New Norfolk,-42.7826,147.0587,53.71,71,100,1.99,AU,2022-09-29 05:06:53
117,Leh,34.1667,77.5833,51.78,48,33,5.97,IN,2022-09-29 05:06:54
118,Mikhaylovsk,45.1283,42.0256,59.22,94,40,8.95,RU,2022-09-29 05:06:54
119,Okha,53.5739,142.9478,43.7,61,99,22.46,RU,2022-09-29 05:06:55
120,Tongren,27.7172,109.1853,91.67,38,3,2.62,CN,2022-09-29 05:06:56
121,Bethel,41.3712,-73.414,57.56,78,0,5.75,US,2022-09-29 05:06:56
122,Tuktoyaktuk,69.4541,-133.0374,27.34,94,50,13.85,CA,2022-09-29 05:06:57
123,Bathsheba,13.2167,-59.5167,81.21,96,40,10.36,BB,2022-09-29 05:06:57
124,Souillac,-20.5167,57.5167,73.78,60,20,9.22,MU,2022-09-29 05:06:57
125,Sisimiut,66.9395,-53.6735,39.43,88,99,9.8,GL,2022-09-29 05:06:58
126,Atuona,-9.8,-139.0333,76.57,75,19,23.09,PF,2022-09-29 05:06:58
127,Muros,42.7762,-9.0603,60.84,95,100,9.28,ES,2022-09-29 05:06:59
128,Ridgecrest,35.6225,-117.6709,86.65,21,0,6.91,US,2022-09-29 05:06:59
129,Rudnichnyy,59.617,52.4703,31.62,59,58,11.95,RU,2022-09-29 05:07:00
130,Pisco,-13.7,-76.2167,53.65,87,0,4.61,PE,2022-09-29 05:07:01
131,Longyearbyen,78.2186,15.6401,37.24,100,75,3.44,SJ,2022-09-29 05:07:01
132,Mayo,38.8876,-76.5119,61.95,81,92,4.0,US,2022-09-29 05:07:02
133,Yatou,37.15,122.3833,75.04,64,0,10.58,CN,2022-09-29 05:07:03
134,Alice Town,25.7167,-79.3,82.2,83,100,27.16,BS,2022-09-29 05:07:03
135,Itarema,-2.9248,-39.9167,77.41,78,44,15.23,BR,2022-09-29 05:06:42
136,Dukat,62.55,155.55,31.44,84,98,5.93,RU,2022-09-29 05:07:03
137,Vostok,46.4856,135.8833,60.82,33,87,3.96,RU,2022-09-29 05:07:04
138,Rawlins,41.7911,-107.2387,62.49,36,0,6.91,US,2022-09-29 05:07:04
139,Mahebourg,-20.4081,57.7,74.25,60,20,9.22,MU,2022-09-29 05:07:05
140,San Luis,-33.295,-66.3356,52.43,68,100,5.57,AR,2022-09-29 05:08:05
141,Kisangani,0.5167,25.2,68.0,99,97,0.83,CD,2022-09-29 05:08:05
142,Kapaa,22.0752,-159.319,82.38,81,0,8.05,US,2022-09-29 05:08:06
143,Itaituba,-4.2761,-55.9836,75.76,66,32,2.89,BR,2022-09-29 05:08:06
144,Ayagoz,47.9714,80.4392,35.56,51,100,14.5,KZ,2022-09-29 05:08:06
145,Goianesia,-15.3175,-49.1175,76.39,52,84,3.94,BR,2022-09-29 05:08:07
146,Klaksvik,62.2266,-6.589,43.72,75,100,3.8,FO,2022-09-29 05:08:07
147,Somova,45.1833,28.6667,59.29,63,20,2.3,RO,2022-09-29 05:08:08
148,Saldanha,-33.0117,17.9442,58.98,79,100,8.7,ZA,2022-09-29 05:08:08
149,Adrar,20.5022,-10.0711,90.68,20,69,20.94,MR,2022-09-29 05:08:09
150,Maragogi,-9.0122,-35.2225,73.89,83,46,7.25,BR,2022-09-29 05:08:09
151,Saint-Philippe,-21.3585,55.7679,72.99,69,53,12.37,RE,2022-09-29 05:08:09
152,Torbay,47.6666,-52.7314,66.58,95,100,8.99,CA,2022-09-29 05:05:39
153,Havre-Saint-Pierre,50.2334,-63.5986,51.67,83,100,6.08,CA,2022-09-29 05:08:10
154,Nuevo Progreso,23.1667,-97.95,72.9,67,36,5.93,MX,2022-09-29 05:08:10
155,Tay Ninh,11.3,106.1,87.26,66,92,14.09,VN,2022-09-29 05:08:10
156,Naze,28.3667,129.4833,78.73,68,43,11.92,JP,2022-09-29 05:08:11
157,Buchanan,5.8808,-10.0467,72.39,97,100,4.36,LR,2022-09-29 05:08:12
158,Siderno,38.2779,16.302,67.23,80,100,5.41,IT,2022-09-29 05:08:12
159,Narsaq,60.9167,-46.05,41.22,97,100,2.04,GL,2022-09-29 05:03:12
160,Husavik,66.0449,-17.3389,42.24,79,100,7.25,IS,2022-09-29 05:08:12
161,Tiznit,29.5833,-9.5,62.19,81,59,1.86,MA,2022-09-29 05:08:13
162,Naifaru,5.4444,73.3657,81.75,74,96,12.66,MV,2022-09-29 05:08:13
163,Yar-Sale,66.8333,70.8333,32.56,71,45,9.35,RU,2022-09-29 05:08:13
164,Faanui,-16.4833,-151.75,78.96,70,0,10.92,PF,2022-09-29 05:08:14
165,Pecan Grove,29.6261,-95.7316,73.94,67,0,2.57,US,2022-09-29 05:08:14
166,Iqaluit,63.7506,-68.5145,29.7,74,13,5.99,CA,2022-09-29 05:08:15
167,Lebu,-37.6167,-73.65,50.2,94,19,12.82,CL,2022-09-29 05:08:15
168,Urumqi,43.801,87.6005,68.95,24,0,4.47,CN,2022-09-29 05:08:15
169,Lasa,46.6166,10.7002,46.36,96,93,2.24,IT,2022-09-29 05:08:16
170,Novokuznetsk,53.7557,87.1099,33.19,86,100,7.23,RU,2022-09-29 05:08:16
171,Port Blair,11.6667,92.75,86.04,74,75,11.5,IN,2022-09-29 05:08:16
172,Caravelas,-17.7125,-39.2481,72.9,89,2,9.17,BR,2022-09-29 05:08:17
173,Alofi,-19.0595,-169.9187,74.43,74,92,19.95,NU,2022-09-29 05:08:17
174,Itoman,26.1247,127.6694,89.98,79,40,14.97,JP,2022-09-29 05:08:18
175,Chimbote,-9.0853,-78.5783,59.92,89,4,6.82,PE,2022-09-29 05:08:19
176,Porbandar,21.6422,69.6093,82.87,62,8,6.33,IN,2022-09-29 05:08:19
177,Sungairaya,0.7,108.9,83.53,70,91,8.19,ID,2022-09-29 05:08:19
178,Whitehorse,60.7161,-135.0538,46.81,61,89,5.01,CA,2022-09-29 05:05:52
179,Plouzane,48.3833,-4.6167,51.85,93,75,9.22,FR,2022-09-29 05:08:20
180,Myitkyina,25.3833,97.4,94.23,46,4,1.74,MM,2022-09-29 05:08:20
181,Ahipara,-35.1667,173.1667,58.95,95,91,11.16,NZ,2022-09-29 05:08:20
182,Hambantota,6.1241,81.1185,89.94,58,20,12.66,LK,2022-09-29 05:08:21
183,Penzance,50.1186,-5.5371,52.48,74,35,24.09,GB,2022-09-29 05:08:21
184,Port Hardy,50.6996,-127.4199,55.47,95,46,5.82,CA,2022-09-29 05:08:23
185,Rawson,-43.3002,-65.1023,61.7,40,0,18.66,AR,2022-09-29 05:09:23
186,Sinnamary,5.3833,-52.95,77.63,88,77,10.74,GF,2022-09-29 05:09:23
187,Wade Hampton,34.9037,-82.3332,55.94,63,0,14.97,US,2022-09-29 05:09:25
188,Cremlingen,52.25,10.65,44.74,95,7,1.14,DE,2022-09-29 05:09:26
189,Inhambane,-23.865,35.3833,74.89,66,52,11.27,MZ,2022-09-29 05:09:26
190,Panjab,34.388,67.0233,58.08,16,0,1.77,AF,2022-09-29 05:09:27
191,Gamba,-2.65,10.0,73.85,87,78,3.13,GA,2022-09-29 05:09:27
192,Lata,40.1629,-8.3327,64.81,81,96,4.47,PT,2022-09-29 05:09:27
193,Baherden,38.4362,57.4316,79.93,20,0,13.0,TM,2022-09-29 05:09:28
194,Zarand,30.8127,56.564,75.97,12,0,3.44,IR,2022-09-29 05:09:28
195,Ulladulla,-35.35,150.4667,58.1,86,94,19.42,AU,2022-09-29 05:09:29
196,Cabo San Lucas,22.8909,-109.9124,80.62,83,0,9.08,MX,2022-09-29 05:09:29
197,Norman Wells,65.282,-126.8329,36.0,73,8,5.86,CA,2022-09-29 05:09:29
198,Ornskoldsvik,63.2909,18.7153,47.35,93,75,5.75,SE,2022-09-29 05:09:29
199,Pozo Colorado,-23.4923,-58.7972,60.48,93,89,7.54,PY,2022-09-29 05:09:30
200,Bay Roberts,47.5999,-53.2648,67.33,95,100,8.01,CA,2022-09-29 05:08:02
201,Lorengau,-2.0226,147.2712,85.24,63,100,10.02,PG,2022-09-29 05:09:30
202,Grand Gaube,-20.0064,57.6608,74.37,55,50,13.0,MU,2022-09-29 05:09:31
203,Aykhal,66.0,111.5,22.68,89,99,12.28,RU,2022-09-29 05:09:31
204,Bengkulu,-3.8004,102.2655,82.11,71,74,6.62,ID,2022-09-29 05:09:31
205,Port Elizabeth,-33.918,25.5701,61.32,86,94,3.0,ZA,2022-09-29 05:09:32
206,Sayyan,15.1718,44.3244,63.21,24,24,6.04,YE,2022-09-29 05:09:32
207,Perivolion,39.4206,20.0147,70.66,73,74,13.91,GR,2022-09-29 05:09:32
208,Santa Isabel,-23.3156,-46.2214,58.3,98,100,7.54,BR,2022-09-29 05:05:09
209,Tommot,58.9564,126.2925,39.09,43,100,3.15,RU,2022-09-29 05:09:33
210,Salalah,17.0151,54.0924,82.49,78,75,6.91,OM,2022-09-29 05:09:33
211,Piacabucu,-10.4056,-36.4344,72.59,86,24,6.46,BR,2022-09-29 05:09:34
212,Worthington,40.0931,-83.018,49.24,91,0,4.61,US,2022-09-29 05:09:34
213,Reo,12.3167,-2.4667,73.99,79,69,8.05,BF,2022-09-29 05:09:35
214,Grandview,38.8858,-94.533,55.9,60,0,8.05,US,2022-09-29 05:09:35
215,Kaitangata,-46.2817,169.8464,43.38,90,100,12.66,NZ,2022-09-29 05:09:35
216,Merauke,-8.4667,140.3333,83.12,78,100,16.04,ID,2022-09-29 05:09:36
217,Dauphin,51.1494,-100.0502,60.04,51,3,6.71,CA,2022-09-29 05:09:36
218,Hakkari,37.5833,44.1667,51.58,40,0,4.61,TR,2022-09-29 05:09:36
219,Banda Aceh,5.5577,95.3222,84.22,66,100,16.6,ID,2022-09-29 05:09:36
220,Saint-Georges,12.0564,-61.7485,80.28,83,20,0.0,GD,2022-09-29 05:09:37
221,Port Shepstone,-30.7414,30.455,70.16,82,83,9.62,ZA,2022-09-29 05:09:37
222,Taltal,-25.4,-70.4833,55.87,76,0,0.16,CL,2022-09-29 05:09:38
223,Hami,42.8,93.45,73.8,26,40,6.22,CN,2022-09-29 05:09:38
224,Mumford,5.2618,-0.759,75.29,89,100,8.19,GH,2022-09-29 05:09:39
225,Kota,25.1833,75.8333,88.25,49,6,6.38,IN,2022-09-29 05:09:39
226,Maravilha,-26.7608,-53.1725,54.61,98,100,5.93,BR,2022-09-29 05:09:39
227,Muroran,42.3172,140.9881,70.09,72,1,9.46,JP,2022-09-29 05:10:40
228,Vardo,70.3705,31.1107,44.58,87,39,19.57,NO,2022-09-29 05:10:40
229,Saint George,37.1041,-113.5841,75.79,42,0,3.0,US,2022-09-29 05:06:05
230,Mareeba,-17.0,145.4333,82.49,43,68,6.31,AU,2022-09-29 05:10:40
231,Joensuu,62.6012,29.7632,41.49,93,100,6.91,FI,2022-09-29 05:10:41
232,Chokurdakh,70.6333,147.9167,29.32,61,35,7.05,RU,2022-09-29 05:10:41
233,Brae,60.3964,-1.353,50.14,91,38,4.94,GB,2022-09-29 05:10:41
234,Honiara,-9.4333,159.95,85.91,63,22,3.33,SB,2022-09-29 05:10:42
235,Babati,-4.2167,35.75,62.83,70,35,1.99,TZ,2022-09-29 05:09:20
236,Sistranda,63.7256,8.834,49.96,71,15,5.12,NO,2022-09-29 05:10:42
237,Port Lincoln,-34.7333,135.8667,57.49,59,90,10.36,AU,2022-09-29 05:10:42
238,Aksarayskiy,46.7924,48.0119,70.61,62,98,6.6,RU,2022-09-29 05:10:43
239,Shilovo,54.3204,40.874,47.41,85,96,3.02,RU,2022-09-29 05:10:43
240,Muisne,0.6,-80.0333,73.6,84,96,10.13,EC,2022-09-29 05:10:43
241,Petropavlovsk-Kamchatskiy,53.0452,158.6483,45.19,81,75,6.71,RU,2022-09-29 05:10:44
242,Tyrma,50.0833,132.1667,55.18,35,71,3.15,RU,2022-09-29 05:10:44
243,Vanimo,-2.6741,141.3028,85.15,66,41,10.13,PG,2022-09-29 05:10:44
244,Namibe,-15.1961,12.1522,64.63,86,92,8.43,AO,2022-09-29 05:10:45
245,Nhulunbuy,-12.2333,136.7667,86.61,66,40,18.41,AU,2022-09-29 05:10:46
246,Manokwari,-0.8667,134.0833,83.79,66,80,6.15,ID,2022-09-29 05:10:46
247,Fairbanks,64.8378,-147.7164,48.54,64,0,9.22,US,2022-09-29 05:08:13
248,Batagay-Alyta,67.8006,130.4114,26.98,75,97,1.25,RU,2022-09-29 05:10:46
249,Airai,-8.9266,125.4092,74.39,64,60,1.74,TL,2022-09-29 05:10:47
250,Gigmoto,13.7796,124.39,84.72,71,47,5.19,PH,2022-09-29 05:10:47
251,San Vicente,-26.6167,-54.1333,53.13,99,100,6.58,AR,2022-09-29 05:10:47
252,Agadir,30.4202,-9.5982,64.85,80,3,1.34,MA,2022-09-29 05:10:48
253,Santarem,-2.4431,-54.7083,77.13,100,0,1.14,BR,2022-09-29 05:10:48
254,Paralimni,35.0375,33.9833,77.14,72,0,1.99,CY,2022-09-29 05:10:48
255,Kharovsk,59.9642,40.1912,33.15,94,100,9.28,RU,2022-09-29 05:10:49
256,Ucluelet,48.9329,-125.5528,58.08,93,68,3.89,CA,2022-09-29 05:10:49
257,Praia Da Vitoria,38.7333,-27.0667,65.75,76,30,8.77,PT,2022-09-29 05:10:49
258,Puerto Madero,14.7208,-92.4215,79.0,100,20,0.0,MX,2022-09-29 05:10:50
259,Bintulu,3.1667,113.0333,86.13,67,93,5.48,MY,2022-09-29 05:10:50
260,Evensk,61.95,159.2333,36.5,86,100,22.41,RU,2022-09-29 05:10:50
261,Yerbogachen,61.2767,108.0108,34.36,47,91,5.21,RU,2022-09-29 05:10:51
262,Eyl,7.9803,49.8164,81.91,67,67,21.83,SO,2022-09-29 05:10:51
263,Bongandanga,1.5,21.05,66.63,99,100,2.06,CD,2022-09-29 05:10:51
264,Turukhansk,65.8167,87.9833,32.36,50,22,8.88,RU,2022-09-29 05:10:51
265,Talnakh,69.4865,88.3972,29.21,82,87,6.31,RU,2022-09-29 05:10:52
266,Clinton,42.587,-82.9199,53.02,85,100,5.75,US,2022-09-29 05:10:52
267,Vila Franca Do Campo,37.7167,-25.4333,68.2,69,100,6.44,PT,2022-09-29 05:10:53
268,Kodiak,57.79,-152.4072,53.11,76,75,10.36,US,2022-09-29 05:10:53
269,Salinopolis,-0.6136,-47.3561,77.58,86,34,8.75,BR,2022-09-29 05:10:53
270,Boffa,10.1667,-14.0333,74.5,92,94,1.68,GN,2022-09-29 05:11:54
271,Santa Cruz Del Sur,20.7147,-77.9956,80.56,83,100,8.23,CU,2022-09-29 05:11:54
272,Maputo,-25.9653,32.5892,71.28,90,75,3.44,MZ,2022-09-29 05:08:15
273,Arecibo,18.4724,-66.7157,77.25,91,0,3.96,PR,2022-09-29 05:11:54
274,Alyangula,-13.8483,136.4192,83.79,65,84,13.69,AU,2022-09-29 05:11:55
275,San Rafael,-34.6177,-68.3301,51.42,73,100,8.41,AR,2022-09-29 05:11:55
276,Bandraboua,-12.7044,45.1223,78.48,71,24,5.28,YT,2022-09-29 05:11:55
277,Latung,5.5,120.8833,82.99,76,62,9.86,PH,2022-09-29 05:11:56
278,Nikolayevsk-Na-Amure,53.1406,140.73,46.74,45,35,14.45,RU,2022-09-29 05:11:56
279,Seminole,28.7086,-81.2081,77.22,94,100,32.21,US,2022-09-29 05:11:56
280,Mwense,-10.3845,28.698,74.88,39,48,6.89,ZM,2022-09-29 05:11:57
281,Beibei,29.8256,106.4339,80.37,53,97,3.18,CN,2022-09-29 05:11:57
282,Byron Bay,-28.65,153.6167,70.72,53,100,8.9,AU,2022-09-29 05:09:50
283,Khandyga,62.6667,135.6,33.15,91,100,6.13,RU,2022-09-29 05:11:57
284,Charters Towers,-20.1,146.2667,77.95,47,72,8.5,AU,2022-09-29 05:11:58
285,Liuhe,42.2401,125.7172,71.29,47,2,8.34,CN,2022-09-29 05:11:58
286,Cherskiy,68.75,161.3,33.42,43,42,3.74,RU,2022-09-29 05:11:58
287,Tsuruga,35.6455,136.0558,75.63,64,50,6.33,JP,2022-09-29 05:11:59
288,Gat,31.61,34.7642,81.39,62,0,3.33,IL,2022-09-29 05:11:59
289,Olafsvik,64.8945,-23.7142,46.76,88,88,9.1,IS,2022-09-29 05:11:59
290,Sompeta,18.9333,84.6,87.35,69,11,6.38,IN,2022-09-29 05:12:00
291,Tessalit,20.1986,1.0114,88.21,16,72,5.44,ML,2022-09-29 05:12:00
292,Imeni Poliny Osipenko,52.4201,136.4853,51.75,44,6,5.01,RU,2022-09-29 05:12:00
293,Nelson Bay,-32.7167,152.15,66.09,82,87,11.01,AU,2022-09-29 05:12:01
294,Angoche,-16.2325,39.9086,76.66,71,82,5.79,MZ,2022-09-29 05:12:01
295,Luanda,-8.8368,13.2343,69.84,85,25,5.59,AO,2022-09-29 05:10:47
296,Bantou,26.2151,117.4893,99.41,30,1,2.59,CN,2022-09-29 05:12:01
297,Vargem Grande Do Sul,-21.8322,-46.8936,59.61,96,100,5.61,BR,2022-09-29 05:12:02
298,Ko Samui,9.5357,99.9357,79.79,84,100,24.79,TH,2022-09-29 05:12:02
299,Porto Novo,6.4965,2.6036,71.76,96,87,3.65,BJ,2022-09-29 05:12:02
300,San Quintin,30.4833,-115.95,71.47,83,1,5.32,MX,2022-09-29 05:12:03
301,Pyaozerskiy,65.8333,31.1667,39.06,89,26,9.08,RU,2022-09-29 05:12:03
302,Tutayev,57.8853,39.5406,38.05,96,100,7.4,RU,2022-09-29 05:12:03
303,Tari,12.4086,4.4914,73.27,88,39,8.46,NG,2022-09-29 05:12:04
304,Camacha,33.0833,-16.3333,67.42,68,40,11.5,PT,2022-09-29 05:12:04
305,Mahon,39.8885,4.2658,68.56,68,20,5.75,ES,2022-09-29 05:12:04
306,Gambo,4.6482,22.2633,67.12,99,100,1.81,CF,2022-09-29 05:12:05
307,Innisfail,-17.5333,146.0333,76.1,71,60,10.07,AU,2022-09-29 05:12:05
308,Isla Vista,34.4133,-119.861,82.35,67,0,4.61,US,2022-09-29 05:12:05
309,Te Anau,-45.4167,167.7167,43.36,95,100,5.91,NZ,2022-09-29 05:12:06
310,Walvis Bay,-22.9575,14.5053,52.75,100,100,9.22,NA,2022-09-29 05:12:06
311,Navoi,40.0844,65.3792,67.48,32,5,13.8,UZ,2022-09-29 05:12:06
312,Belaya Gora,68.5333,146.4167,32.95,60,100,7.11,RU,2022-09-29 05:12:07
313,Chuy,-33.6971,-53.4616,49.53,76,43,6.67,UY,2022-09-29 05:12:07
314,Viedma,-40.8135,-62.9967,51.87,47,0,13.71,AR,2022-09-29 05:12:07
315,Andenes,69.3143,16.1194,46.92,93,75,8.05,NO,2022-09-29 05:12:07
316,Maldonado,-34.6667,-54.9167,41.23,85,28,2.73,UY,2022-09-29 05:13:08
317,Jacareacanga,-6.2222,-57.7528,79.63,55,83,2.3,BR,2022-09-29 05:13:08
318,Mujiayingzi,42.1167,118.7833,85.8,18,0,16.87,CN,2022-09-29 05:13:09
319,Bismil,37.8486,40.6658,65.93,20,5,2.35,TR,2022-09-29 05:13:09
320,Teya,60.3778,92.6267,36.01,76,100,9.95,RU,2022-09-29 05:13:09
321,Pangnirtung,66.1451,-65.7125,31.33,77,80,0.49,CA,2022-09-29 05:13:09
322,Oksovskiy,62.6062,39.8984,34.5,69,100,9.91,RU,2022-09-29 05:13:10
323,Monroe,43.1501,-77.6831,55.26,91,100,4.61,US,2022-09-29 05:13:10
324,Mount Isa,-20.7333,139.5,82.17,18,1,9.22,AU,2022-09-29 05:13:10
325,Kalemie,-5.9475,29.1947,71.89,75,100,3.98,CD,2022-09-29 05:13:11
326,Aksarka,66.5606,67.7975,31.15,75,50,9.44,RU,2022-09-29 05:13:11
327,Vanavara,60.34,102.2797,36.86,55,95,7.49,RU,2022-09-29 05:13:11
328,Kasane,-17.8167,25.15,71.69,33,0,10.36,BW,2022-09-29 05:13:12
329,Kabare,-2.4683,28.8242,63.09,86,71,1.5,CD,2022-09-29 05:13:12
330,Muroto,33.2833,134.15,77.07,68,65,7.23,JP,2022-09-29 05:13:12
331,Bandarbeyla,9.4942,50.8122,82.15,70,35,23.49,SO,2022-09-29 05:13:13
332,Montepuez,-13.1256,38.9997,71.56,64,0,5.35,MZ,2022-09-29 05:13:13
333,Yerofey Pavlovich,53.9667,121.9667,33.46,96,100,7.83,RU,2022-09-29 05:13:13
334,Stornoway,58.2093,-6.3865,47.03,93,75,4.61,GB,2022-09-29 05:13:14
335,Ballina,-28.8667,153.5667,70.02,57,100,8.08,AU,2022-09-29 05:13:14
336,Suntar,62.1444,117.6319,35.47,46,42,5.06,RU,2022-09-29 05:13:14
337,Singaraja,-8.112,115.0882,86.09,64,25,3.91,ID,2022-09-29 05:13:15
338,Sao Miguel Do Araguaia,-13.275,-50.1628,80.02,29,100,1.34,BR,2022-09-29 05:13:15
339,Doha,25.2867,51.5333,87.78,47,0,9.22,QA,2022-09-29 05:11:13
340,Kupang,-10.1667,123.5833,91.98,62,40,11.5,ID,2022-09-29 05:13:16
341,Bhachau,23.2833,70.35,85.77,50,6,7.43,IN,2022-09-29 05:13:16
342,Manavalakurichi,8.1333,77.3,85.08,66,72,15.97,IN,2022-09-29 05:13:16
343,Atasu,48.6814,71.6433,35.11,39,68,9.8,KZ,2022-09-29 05:13:16
344,Shu,43.5983,73.7614,62.76,32,100,7.07,KZ,2022-09-29 05:13:17
345,General Roca,-39.0333,-67.5833,58.62,48,8,16.15,AR,2022-09-29 05:13:17
346,Ust-Nera,64.5667,143.2,28.31,81,92,4.14,RU,2022-09-29 05:13:17
347,Acapulco,16.8634,-99.8901,78.62,83,100,8.05,MX,2022-09-29 05:13:18
348,Gravdal,68.1214,13.5031,40.89,93,0,2.3,NO,2022-09-29 05:13:18
349,Ewa Beach,21.3156,-158.0072,80.55,63,0,6.91,US,2022-09-29 05:13:18
350,Asfi,32.2994,-9.2372,66.76,80,86,9.69,MA,2022-09-29 05:13:19
351,Novyy Buh,47.6931,32.5216,56.26,86,42,4.59,UA,2022-09-29 05:13:19
352,Progreso,21.2833,-89.6667,77.11,63,46,10.96,MX,2022-09-29 05:13:19
353,Arona,28.0996,-16.681,66.13,82,75,11.5,ES,2022-09-29 05:13:20
354,Formosa,-26.1775,-58.1781,60.78,88,100,5.75,AR,2022-09-29 05:13:20
355,Sortland,68.6949,15.4162,42.76,70,9,2.44,NO,2022-09-29 05:13:21
356,Tansen,27.8673,83.5467,75.47,62,2,3.78,NP,2022-09-29 05:13:21
357,Lengshuijiang,27.6881,111.4294,92.07,30,2,3.53,CN,2022-09-29 05:13:21
358,Vestmanna,62.1564,-7.1664,41.92,93,100,4.61,FO,2022-09-29 05:13:22
359,Carson City,39.1638,-119.7674,68.83,29,0,4.61,US,2022-09-29 05:12:33
360,Kaele,10.1092,14.4508,71.15,92,100,7.85,CM,2022-09-29 05:13:22
361,Colinas,-6.0258,-44.2492,74.12,43,23,2.75,BR,2022-09-29 05:12:40
362,Sorland,67.667,12.6934,49.86,73,35,6.15,NO,2022-09-29 05:14:23
363,Pimentel,-6.8367,-79.9342,61.36,87,20,12.24,PE,2022-09-29 05:14:23
364,Gazojak,41.1875,61.4036,66.87,24,92,19.28,TM,2022-09-29 05:14:23
365,Nantucket,41.2835,-70.0995,62.71,65,0,8.05,US,2022-09-29 05:14:24
366,Cervo,43.6702,-7.4101,59.63,85,99,15.5,ES,2022-09-29 05:14:24
367,Doka,13.5167,35.7667,73.15,86,82,5.32,SD,2022-09-29 05:14:24
368,Coquimbo,-29.9533,-71.3436,54.07,91,73,2.39,CL,2022-09-29 05:13:17
369,Honningsvag,70.9821,25.9704,46.15,81,100,19.57,NO,2022-09-29 05:14:25
370,Kahului,20.8947,-156.47,80.62,69,20,11.5,US,2022-09-29 05:14:25
371,Nadvoitsy,63.8667,34.3167,37.0,75,83,11.86,RU,2022-09-29 05:14:25
372,Killarney,52.05,-9.5167,46.06,95,63,3.22,IE,2022-09-29 05:14:26
373,Rio Gallegos,-51.6226,-69.2181,47.82,65,100,4.27,AR,2022-09-29 05:12:01
374,Nigran,42.1415,-8.8066,60.04,95,100,6.91,ES,2022-09-29 05:14:27
375,Cap Malheureux,-19.9842,57.6142,74.46,58,41,13.0,MU,2022-09-29 05:14:27
376,Sesimbra,38.4445,-9.1015,63.73,80,25,12.64,PT,2022-09-29 05:14:27
377,Bagdarin,54.4333,113.6,40.64,67,56,6.87,RU,2022-09-29 05:14:28
378,Burnie,-41.0667,145.9167,53.49,76,100,13.82,AU,2022-09-29 05:14:28
379,Rio Grande,-32.035,-52.0986,56.12,72,89,10.83,BR,2022-09-29 05:14:28
380,Sulangan,11.1373,123.7228,84.6,69,77,6.89,PH,2022-09-29 05:14:29
381,Westport,41.1415,-73.3579,60.84,81,0,8.05,US,2022-09-29 05:11:56
382,Leshukonskoye,64.8989,45.7622,32.32,61,0,7.76,RU,2022-09-29 05:14:29
383,Taoudenni,22.6783,-3.9836,89.92,21,19,13.35,ML,2022-09-29 05:14:29
384,Devils Lake,48.1128,-98.8651,56.95,57,0,13.8,US,2022-09-29 05:14:30
385,Pringsewu,-5.3582,104.9744,87.58,56,98,1.16,ID,2022-09-29 05:14:30
386,Abha,18.2164,42.5053,67.82,14,0,4.61,SA,2022-09-29 05:14:30
387,Lekoni,-1.5843,14.2591,68.81,95,93,2.95,GA,2022-09-29 05:14:31
388,Moerai,-22.4333,-151.3333,74.93,87,51,13.27,PF,2022-09-29 05:14:31
389,Tokur,53.1333,132.9,41.31,51,54,3.69,RU,2022-09-29 05:14:31
390,Pangai,-19.8,-174.35,77.11,57,20,11.5,TO,2022-09-29 05:14:32
391,Vestmannaeyjar,63.4427,-20.2734,47.93,92,100,19.04,IS,2022-09-29 05:14:32
392,Mizan Teferi,6.9833,35.5833,64.0,91,50,1.36,ET,2022-09-29 05:14:32
393,Komsomolskiy,40.4272,71.7189,70.52,30,72,4.61,UZ,2022-09-29 05:14:33
394,Maku,39.2911,44.4521,71.06,20,26,3.69,IR,2022-09-29 05:14:33
395,Reconquista,-29.15,-59.65,57.7,69,100,10.74,AR,2022-09-29 05:14:33
396,Upington,-28.4478,21.2561,75.58,35,0,13.8,ZA,2022-09-29 05:14:33
397,Tokamachi,37.1333,138.7667,77.02,43,2,4.7,JP,2022-09-29 05:14:34
398,Jawhar,2.7809,45.5005,80.65,63,48,18.79,SO,2022-09-29 05:14:34
399,Moose Factory,51.2585,-80.6094,42.8,75,75,9.22,CA,2022-09-29 05:14:34
400,Kurilsk,45.2333,147.8833,57.85,94,53,16.46,RU,2022-09-29 05:14:35
401,Abu Dhabi,24.4667,54.3667,89.71,67,0,4.61,AE,2022-09-29 05:14:35
402,Ulundi,-28.3352,31.4162,66.24,77,24,4.29,ZA,2022-09-29 05:14:35
403,Zhigansk,66.7697,123.3711,31.89,77,95,6.4,RU,2022-09-29 05:14:36
404,Chervone,49.9564,28.8645,47.77,89,100,7.0,UA,2022-09-29 05:14:36
405,Tuatapere,-46.1333,167.6833,44.26,83,92,9.28,NZ,2022-09-29 05:14:36
406,Mount Gambier,-37.8333,140.7667,59.41,55,71,9.46,AU,2022-09-29 05:14:36
407,Pontian Kecil,1.4801,103.3899,85.26,65,99,6.22,MY,2022-09-29 05:14:37
408,Egvekinot,66.3167,-179.1667,24.03,83,87,10.85,RU,2022-09-29 05:15:37
409,Gold Coast,-28.0,153.4333,75.24,63,100,12.66,AU,2022-09-29 05:15:37
410,Wamba,8.9333,8.6,69.31,97,92,1.81,NG,2022-09-29 05:15:38
411,Santa Cecilia,-26.9608,-50.4269,44.6,97,100,7.36,BR,2022-09-29 05:15:38
412,Roald,62.5833,6.1333,54.34,76,0,6.91,NO,2022-09-29 05:15:38
413,Nadym,65.5333,72.5167,31.01,62,46,9.57,RU,2022-09-29 05:15:39
414,Zheleznodorozhnyy,55.7503,38.0042,48.61,75,100,3.58,RU,2022-09-29 05:15:39
415,Tazovskiy,67.4667,78.7,30.42,69,53,9.06,RU,2022-09-29 05:15:39
416,Leua,48.2156,18.6071,55.49,93,100,7.74,SK,2022-09-29 05:15:40
417,Fort Nelson,58.8053,-122.7002,51.39,71,75,5.75,CA,2022-09-29 05:15:40
418,Celestun,20.8667,-90.4,79.3,70,20,11.79,MX,2022-09-29 05:15:40
419,Piedras Negras,28.7,-100.5167,72.27,45,37,9.17,MX,2022-09-29 05:15:41
420,Nalut,30.3333,10.85,71.37,32,59,6.24,LY,2022-09-29 05:15:41
421,San Joaquin,37.9333,-121.3011,71.85,62,0,0.0,US,2022-09-29 05:15:42
422,Ranong,9.9658,98.6348,76.93,89,100,14.65,TH,2022-09-29 05:15:42
423,Laguna,38.421,-121.4238,72.45,73,0,8.05,US,2022-09-29 05:15:42
424,Umm Lajj,25.0213,37.2685,91.72,29,0,13.11,SA,2022-09-29 05:15:43
425,Lorena,-22.7308,-45.1247,61.47,97,100,3.33,BR,2022-09-29 05:15:43
426,Sampit,-2.5333,112.95,85.28,76,97,2.89,ID,2022-09-29 05:15:43
427,Djenne,13.9061,-4.5533,79.11,70,20,8.72,ML,2022-09-29 05:15:44
428,Novyy Svit,47.8059,38.0211,60.4,87,0,3.4,UA,2022-09-29 05:15:44
429,Lebowakgomo,-24.2,29.5,58.1,72,0,5.82,ZA,2022-09-29 05:15:45
430,Cam Ranh,11.9214,109.1591,87.76,62,40,21.85,VN,2022-09-29 05:15:45
431,San Lawrenz,36.0553,14.204,71.85,76,3,10.94,MT,2022-09-29 05:15:45
432,Sterling,39.0062,-77.4286,58.23,81,20,8.05,US,2022-09-29 05:15:46
433,Olginskaya,47.1879,39.9492,63.93,77,0,8.9,RU,2022-09-29 05:15:46
434,Laurel,39.0993,-76.8483,59.67,83,0,4.61,US,2022-09-29 05:15:36
435,Haines Junction,60.7522,-137.5108,40.95,48,64,5.75,CA,2022-09-29 05:15:46
436,Hasaki,35.7333,140.8333,82.29,52,86,7.61,JP,2022-09-29 05:15:47
437,Katsuura,35.1333,140.3,73.44,68,100,5.14,JP,2022-09-29 05:15:47
438,Catanduva,-21.1378,-48.9728,60.26,90,100,9.75,BR,2022-09-29 05:15:47
439,Talara,-4.5772,-81.2719,64.38,80,21,13.56,PE,2022-09-29 05:15:48
440,Mirpur Sakro,24.5474,67.6277,85.86,53,6,14.0,PK,2022-09-29 05:15:48
441,Gryazi,52.4966,39.9359,51.04,83,26,2.37,RU,2022-09-29 05:15:48
442,Chippewa Falls,44.9369,-91.3929,42.96,90,0,3.44,US,2022-09-29 05:15:49
443,Sambava,-14.2667,50.1667,70.95,71,66,12.8,MG,2022-09-29 05:15:49
444,Minab,27.1467,57.0801,84.13,69,59,5.79,IR,2022-09-29 05:15:49
445,Torrington,41.8007,-73.1212,56.05,89,43,8.01,US,2022-09-29 05:12:02
446,Mountain Home,43.133,-115.6912,65.68,27,0,6.44,US,2022-09-29 05:15:50
447,Marmaris,36.855,28.2742,67.95,72,11,4.36,TR,2022-09-29 05:15:50
448,Kaeo,-35.1,173.7833,58.48,95,89,8.01,NZ,2022-09-29 05:15:50
449,Taber,49.8167,-112.1518,62.62,61,95,5.75,CA,2022-09-29 05:15:37
450,Arti,56.4234,58.5328,30.4,80,91,13.09,RU,2022-09-29 05:15:51
451,Togul,53.465,85.9128,34.86,63,100,10.09,RU,2022-09-29 05:15:51
452,Santiago De Cao,-7.9589,-79.2392,59.13,88,58,12.66,PE,2022-09-29 05:15:51
453,Koshurnikovo,54.1667,93.3,44.46,69,100,3.76,RU,2022-09-29 05:15:52
454,Lalawigan,11.5892,125.4697,83.57,71,100,6.42,PH,2022-09-29 05:16:53
455,Ayna,-12.65,-73.9167,60.03,90,63,1.25,PE,2022-09-29 05:16:53
456,Aripuana,-9.1667,-60.6333,79.23,59,76,2.77,BR,2022-09-29 05:16:53
457,Jumla,29.2747,82.1838,70.12,41,1,4.23,NP,2022-09-29 05:16:54
458,Kattivakkam,13.2167,80.3167,84.29,68,100,3.36,IN,2022-09-29 05:16:54
459,Abbeville,50.1,1.8333,42.76,86,99,3.18,FR,2022-09-29 05:16:55
460,Ostrovnoy,68.0531,39.5131,36.72,75,2,9.15,RU,2022-09-29 05:16:55
461,South Lake Tahoe,38.9332,-119.9844,62.65,29,0,11.5,US,2022-09-29 05:16:24
462,San Vicente De Canete,-13.0751,-76.3835,59.63,85,13,2.48,PE,2022-09-29 05:16:55
463,Marabba,12.35,32.1833,80.42,59,78,7.92,SD,2022-09-29 05:16:56
464,Winnemucca,40.973,-117.7357,68.05,22,0,5.75,US,2022-09-29 05:16:56
465,Providencia,28.7167,-111.5833,80.06,80,69,4.34,MX,2022-09-29 05:16:56
466,Sobolevo,54.4299,31.8996,46.13,97,87,4.45,RU,2022-09-29 05:16:57
467,Dalbandin,28.8947,64.4101,85.03,10,0,2.15,PK,2022-09-29 05:16:58
468,Guerrero Negro,27.9769,-114.0611,74.44,83,1,11.01,MX,2022-09-29 05:16:58
469,Muli,2.9167,73.5667,81.64,75,89,16.17,MV,2022-09-29 05:16:59
470,Shenjiamen,29.9576,122.298,73.45,91,100,10.65,CN,2022-09-29 05:16:59
471,Calvinia,-31.4707,19.776,62.56,26,89,2.33,ZA,2022-09-29 05:16:59
472,Sangin,32.0728,64.8359,82.04,12,0,1.74,AF,2022-09-29 05:17:00
473,Wagar,16.1525,36.2032,87.46,49,18,14.74,SD,2022-09-29 05:17:01
474,Constitucion,-35.3333,-72.4167,51.35,87,0,2.01,CL,2022-09-29 05:17:01
475,Kieta,-6.2167,155.6333,84.54,65,61,5.08,PG,2022-09-29 05:17:02
476,Pointe-Noire,-4.7761,11.8635,73.27,87,32,2.77,CG,2022-09-29 05:17:02
477,Anadyr,64.75,177.4833,32.5,86,75,6.71,RU,2022-09-29 05:17:03
478,Hobyo,5.3505,48.5268,79.65,77,56,20.11,SO,2022-09-29 05:17:03
479,Valparaiso,-33.0393,-71.6273,53.24,82,100,3.44,CL,2022-09-29 05:17:04
480,Karasjok,69.4719,25.5112,41.88,92,98,5.7,NO,2022-09-29 05:17:04
481,High Rock,26.6208,-78.2833,84.22,83,100,30.18,BS,2022-09-29 05:17:04
482,Aksay,47.26,39.87,63.25,77,2,8.01,RU,2022-09-29 05:17:05
483,Seoul,37.5683,126.9778,78.37,50,20,3.44,KR,2022-09-29 05:15:12
484,College,64.8569,-147.8028,48.52,62,75,9.22,US,2022-09-29 05:17:05
485,Yenagoa,4.9247,6.2642,72.43,97,100,2.64,NG,2022-09-29 05:17:05
486,Palmeira,-25.4294,-50.0064,50.25,96,100,9.13,BR,2022-09-29 05:15:12
487,Nileshwar,12.25,75.1,81.5,72,99,4.79,IN,2022-09-29 05:17:06
488,Matara,5.9485,80.5353,86.36,61,56,14.14,LK,2022-09-29 05:17:06
489,Degtyarsk,56.704,60.0879,26.92,78,47,9.42,RU,2022-09-29 05:17:06
490,Loughrea,53.1969,-8.5669,43.32,97,17,5.93,IE,2022-09-29 05:17:07
491,Verkhnyaya Inta,65.9811,60.3094,32.18,59,12,3.06,RU,2022-09-29 05:17:07
492,Baruun-Urt,46.6806,113.2792,62.8,19,28,3.89,MN,2022-09-29 05:17:08
493,Ambilobe,-13.2,49.05,78.71,40,1,4.94,MG,2022-09-29 05:17:08
494,Chimoio,-19.1164,33.4833,64.26,100,75,9.22,MZ,2022-09-29 05:17:08
495,Berlevag,70.8578,29.0864,48.15,71,75,3.44,NO,2022-09-29 05:17:08
496,Kendari,-3.945,122.4989,85.84,62,99,7.27,ID,2022-09-29 05:17:09
497,Baculin,7.4525,126.5842,83.35,71,100,4.9,PH,2022-09-29 05:17:09
498,Slave Lake,55.2834,-114.769,53.58,94,100,0.0,CA,2022-09-29 05:17:10
499,Tromso,69.6496,18.957,46.38,87,75,0.0,NO,2022-09-29 05:17:10
500,Campbell River,50.0163,-125.2446,56.44,97,100,2.3,CA,2022-09-29 05:17:10
501,Nortelandia,-14.4547,-56.8028,72.9,93,91,5.5,BR,2022-09-29 05:17:10
502,Gao,16.6362,1.637,86.4,47,31,11.32,ML,2022-09-29 05:18:11
503,Bemidji,47.4736,-94.8803,48.56,76,0,0.0,US,2022-09-29 05:18:12
504,Virden,39.5009,-89.7679,50.63,82,0,7.25,US,2022-09-29 05:18:12
505,Srednekolymsk,67.45,153.6833,36.16,44,57,11.32,RU,2022-09-29 05:18:12
506,Pochutla,15.7432,-96.4661,77.83,92,70,3.58,MX,2022-09-29 05:18:13
507,Labuhan,-6.8844,112.2051,89.24,53,65,10.33,ID,2022-09-29 05:18:13
508,Geraldton,-28.7667,114.6,88.21,20,25,20.71,AU,2022-09-29 05:18:13
509,Biltine,14.5333,20.9167,77.38,62,91,8.23,TD,2022-09-29 05:18:13
510,Smoky Lake,54.1169,-112.4686,65.12,55,94,5.75,CA,2022-09-29 05:18:14
511,Fortuna,40.5982,-124.1573,57.34,89,97,2.37,US,2022-09-29 05:14:27
512,Harindanga,22.0383,88.3214,88.75,65,2,4.74,IN,2022-09-29 05:18:15
513,Yelnya,54.5786,33.1837,47.57,97,100,4.68,RU,2022-09-29 05:18:15
514,Santa Fe,-31.6333,-60.7,61.02,50,100,10.0,AR,2022-09-29 05:18:15
515,Mayor Pablo Lagerenza,-19.9309,-60.7718,59.95,89,100,12.62,PY,2022-09-29 05:18:16
516,Half Moon Bay,37.4636,-122.4286,66.02,88,100,10.36,US,2022-09-29 05:15:36
517,Parrita,9.5201,-84.3225,77.67,87,99,1.99,CR,2022-09-29 05:18:16
518,Mikun,62.3547,50.0771,32.76,60,1,9.01,RU,2022-09-29 05:18:17
519,Paamiut,61.994,-49.6678,41.61,96,100,13.78,GL,2022-09-29 05:18:17
520,Yumen,40.2833,97.2,76.28,14,0,15.01,CN,2022-09-29 05:18:18
521,Santa Ana,33.7456,-117.8678,78.06,87,0,4.61,US,2022-09-29 05:14:37
522,Pudozh,61.8099,36.5345,34.92,96,100,9.44,RU,2022-09-29 05:18:18
523,Kununurra,-15.7667,128.7333,96.78,36,40,5.75,AU,2022-09-29 05:18:19
524,Jibuti,11.5,42.5,85.69,41,85,7.29,DJ,2022-09-29 05:18:19
525,Saint-Denis,48.9167,2.3333,51.15,91,100,3.44,FR,2022-09-29 05:18:19
526,Outjo,-20.1167,16.15,64.26,25,49,3.96,NA,2022-09-29 05:18:20
527,Tala,30.6803,30.9429,75.81,57,0,5.53,EG,2022-09-29 05:18:20
528,Grindavik,63.8424,-22.4338,48.9,100,100,18.41,IS,2022-09-29 05:18:21
529,Ilulissat,69.2167,-51.1,35.62,100,75,8.05,GL,2022-09-29 05:18:21
530,Semey,50.4111,80.2275,34.02,75,75,15.66,KZ,2022-09-29 05:18:21
531,Aguascalientes,21.8833,-102.3,58.95,67,40,9.22,MX,2022-09-29 05:18:17
532,Qasigiannguit,68.8193,-51.1922,35.85,95,100,2.48,GL,2022-09-29 05:18:22
533,Requena,39.4883,-1.1004,55.8,59,98,6.73,ES,2022-09-29 05:18:22
534,Envira,-7.3,-70.2167,72.64,90,79,1.88,BR,2022-09-29 05:18:23
535,Asau,46.4333,26.4,47.32,79,97,3.56,RO,2022-09-29 05:18:23
536,Upata,8.0086,-62.3989,70.29,95,99,2.3,VE,2022-09-29 05:18:23
537,Noyabrsk,63.1994,75.4507,31.89,55,8,15.75,RU,2022-09-29 05:16:42
538,Liliani,32.2065,72.9537,90.5,35,0,5.57,PK,2022-09-29 05:18:24
539,Sonoita,31.85,-112.8333,82.9,43,96,8.95,MX,2022-09-29 05:18:24
540,Manta,-0.95,-80.7333,69.58,88,75,11.5,EC,2022-09-29 05:18:24
541,Nikel,69.4128,30.222,42.98,88,11,6.24,RU,2022-09-29 05:18:25
542,Lavrentiya,65.5833,-171.0,38.01,80,100,20.51,RU,2022-09-29 05:18:25
543,Khipro,25.8285,69.3772,89.26,36,7,15.55,PK,2022-09-29 05:18:26
544,Kargil,34.5667,76.1,50.81,45,45,2.75,IN,2022-09-29 05:18:26
545,Ishigaki,24.3448,124.1572,84.33,79,20,6.91,JP,2022-09-29 05:18:26
546,Wodonga,-36.1167,146.8833,61.52,67,46,8.99,AU,2022-09-29 05:18:27
547,Ballarat,-37.5662,143.8496,58.53,57,15,8.63,AU,2022-09-29 05:19:27
548,Tengzhou,35.0771,117.1518,84.7,34,0,7.05,CN,2022-09-29 05:19:28
549,Anchorage,61.2181,-149.9003,50.07,75,20,10.36,US,2022-09-29 05:19:15
550,Kesova Gora,57.5836,37.2922,41.67,97,100,1.12,RU,2022-09-29 05:19:28
551,Amahai,-3.3333,128.9167,83.52,76,98,3.36,ID,2022-09-29 05:19:28
552,Portland,45.5234,-122.6762,62.8,88,100,3.0,US,2022-09-29 05:19:17
553,Comodoro Rivadavia,-45.8667,-67.5,55.26,33,0,3.44,AR,2022-09-29 05:19:29
554,Yozgat,39.5833,35.3333,63.93,56,9,3.47,TR,2022-09-29 05:19:29
555,Gardabani,41.4605,45.0928,71.69,29,26,8.79,GE,2022-09-29 05:19:29
556,Lotofaga,-13.9764,-171.8578,83.79,75,17,7.74,WS,2022-09-29 05:19:30
557,Kilindoni,-7.9139,39.6668,76.08,73,57,9.44,TZ,2022-09-29 05:19:30
558,Grand-Santi,4.25,-54.3833,72.39,88,95,3.47,GF,2022-09-29 05:19:31
559,Tabou,4.423,-7.3528,75.09,89,97,8.34,CI,2022-09-29 05:19:31
560,Hailar,49.2,119.7,59.38,35,44,22.77,CN,2022-09-29 05:19:31
561,Chirilagua,13.2203,-88.1386,71.67,97,100,2.33,SV,2022-09-29 05:19:32
562,Labytnangi,66.6572,66.4183,31.95,67,36,6.93,RU,2022-09-29 05:19:32
563,Gallup,35.5281,-108.7426,60.03,43,0,4.61,US,2022-09-29 05:17:46
564,Nichinan,31.6,131.3667,80.28,66,2,6.06,JP,2022-09-29 05:19:33
565,Cajaruro,-5.7364,-78.4256,75.07,73,21,3.62,PE,2022-09-29 05:19:33
566,Muzhi,65.3667,64.6667,29.97,79,46,6.64,RU,2022-09-29 05:19:34
567,Zhanaozen,43.3,52.8,68.86,27,75,21.25,KZ,2022-09-29 05:19:34
568,Shelburne,44.0787,-80.2041,46.85,93,100,4.79,CA,2022-09-29 05:19:35
569,Khomutovo,52.4658,104.4025,56.01,55,4,3.67,RU,2022-09-29 05:19:35
570,Coihaique,-45.5752,-72.0662,43.41,70,0,6.91,CL,2022-09-29 05:19:35
571,Bindura,-17.3019,31.3306,62.96,59,1,3.2,ZW,2022-09-29 05:19:36
572,Huarmey,-10.0681,-78.1522,60.75,87,45,8.57,PE,2022-09-29 05:19:36
573,Kirakira,-10.4544,161.9205,84.16,69,37,8.03,SB,2022-09-29 05:19:36
574,Oktyabrskiy,54.4815,53.471,46.04,87,100,12.57,RU,2022-09-29 05:19:37
